dt,x,y,position,velocity,acceleration,jerk,heading
0.010000,0.000000,2.282000,0.000028,0.005549,0.554901,55.490057,0.000000
0.010000,0.000039,2.282000,0.000066,0.003873,-0.167649,-72.254972,0.000000
0.010000,0.000288,2.282000,0.000316,0.024971,2.109801,227.745028,0.000000
0.010000,0.000732,2.282000,0.000760,0.044392,1.942152,-16.764915,0.000000
0.010000,0.001426,2.282000,0.001454,0.069363,2.497053,55.490057,0.000000
0.010000,0.002425,2.282000,0.002453,0.099882,3.051953,55.490057,0.000000
0.010000,0.003784,2.282000,0.003812,0.135951,3.606854,55.490057,0.000000
0.010000,0.005560,2.282000,0.005588,0.177568,4.161754,55.490057,0.000000
0.010000,0.007807,2.282000,0.007835,0.224735,4.716655,55.490057,0.000000
0.010000,0.010582,2.282000,0.010610,0.277450,5.271555,55.490057,0.000000
0.010000,0.013939,2.282000,0.013967,0.335715,5.826456,55.490057,0.000000
0.010000,0.017907,2.282000,0.017934,0.396754,6.103906,27.745028,0.000000
0.010000,0.022484,2.282000,0.022512,0.457793,6.103906,0.000000,0.000000
0.010000,0.027673,2.282000,0.027701,0.518832,6.103906,0.000000,0.000000
0.010000,0.033471,2.282000,0.033499,0.579871,6.103906,-0.000000,0.000000
0.010000,0.039881,2.282000,0.039908,0.640910,6.103906,0.000000,0.000000
0.010000,0.046900,2.282000,0.046928,0.701949,6.103906,0.000000,0.000000
0.010000,0.054530,2.282000,0.054558,0.762988,6.103906,-0.000000,0.000000
0.010000,0.062770,2.282000,0.062798,0.824027,6.103906,-0.000000,0.000000
0.010000,0.071621,2.282000,0.071649,0.885066,6.103906,0.000000,0.000000
0.010000,0.081082,2.282000,0.081110,0.946105,6.103906,-0.000000,0.000000
0.010000,0.091153,2.282000,0.091181,1.007145,6.103906,0.000000,0.000000
0.010000,0.101835,2.282000,0.101863,1.068184,6.103906,-0.000000,0.000000
0.010000,0.113127,2.282000,0.113155,1.129223,6.103906,0.000000,0.000000
0.010000,0.125030,2.282000,0.125058,1.190262,6.103906,-0.000000,0.000000
0.010000,0.137543,2.282000,0.137571,1.251301,6.103906,-0.000000,0.000000
0.010000,0.150666,2.282000,0.150694,1.312340,6.103906,0.000000,0.000000
0.010000,0.164400,2.282000,0.164428,1.373379,6.103906,0.000000,0.000000
0.010000,0.178744,2.282000,0.178772,1.434418,6.103906,-0.000000,0.000000
0.010000,0.193699,2.282000,0.193727,1.495457,6.103906,0.000000,0.000000
0.010000,0.209264,2.282000,0.209292,1.556496,6.103906,0.000000,0.000000
0.010000,0.225439,2.282000,0.225467,1.617535,6.103906,-0.000000,0.000000
0.010000,0.242225,2.282000,0.242253,1.678574,6.103906,0.000000,0.000000
0.010000,0.259621,2.282000,0.259649,1.739613,6.103906,-0.000000,0.000000
0.010000,0.277628,2.282000,0.277655,1.800652,6.103906,-0.000000,0.000000
0.010000,0.296245,2.282000,0.296272,1.861691,6.103906,0.000000,0.000000
0.010000,0.315472,2.282000,0.315500,1.922730,6.103906,-0.000000,0.000000
0.010000,0.335310,2.282000,0.335337,1.983770,6.103906,-0.000000,0.000000
0.010000,0.355758,2.282000,0.355785,2.044809,6.103906,0.000000,0.000000
0.010000,0.376816,2.282000,0.376844,2.105848,6.103906,-0.000000,0.000000
0.010000,0.398485,2.282000,0.398513,2.166887,6.103906,0.000000,0.000000
0.010000,0.420764,2.282000,0.420792,2.227926,6.103906,0.000000,0.000000
0.010000,0.443654,2.282000,0.443682,2.288965,6.103906,-0.000000,0.000000
0.010000,0.467154,2.282000,0.467182,2.350004,6.103906,-0.000000,0.000000
0.010000,0.491264,2.282000,0.491292,2.411043,6.103906,0.000000,0.000000
0.010000,0.515985,2.282000,0.516013,2.472082,6.103906,-0.000000,0.000000
0.010000,0.541316,2.282000,0.541344,2.533121,6.103906,0.000000,0.000000
0.010000,0.567258,2.282000,0.567286,2.594160,6.103906,0.000000,0.000000
0.010000,0.593810,2.282000,0.593838,2.655199,6.103906,-0.000000,0.000000
0.010000,0.620972,2.282000,0.621000,2.716238,6.103906,0.000000,0.000000
0.010000,0.648745,2.282000,0.648773,2.777277,6.103906,0.000000,0.000000
0.010000,0.677128,2.282000,0.677156,2.838316,6.103906,-0.000000,0.000000
0.010000,0.706122,2.282000,0.706150,2.899355,6.103906,-0.000000,0.000000
0.010000,0.735726,2.282000,0.735754,2.960395,6.103906,0.000000,0.000000
0.010000,0.765940,2.282000,0.765968,3.021434,6.103906,-0.000000,0.000000
0.010000,0.796765,2.282000,0.796793,3.082473,6.103906,0.000000,0.000000
0.010000,0.828200,2.282000,0.828228,3.143512,6.103906,-0.000000,0.000000
0.010000,0.860246,2.282000,0.860273,3.204551,6.103906,-0.000000,0.000000
0.010000,0.892901,2.282000,0.892929,3.265590,6.103906,0.000000,0.000000
0.010000,0.926168,2.282000,0.926196,3.326629,6.103906,-0.000000,0.000000
0.010000,0.960044,2.282000,0.960072,3.387668,6.103906,0.000000,0.000000
0.010000,0.994532,2.282000,0.994559,3.448707,6.103906,-0.000000,0.000000
0.010000,1.029629,2.282000,1.029657,3.509746,6.103906,0.000000,0.000000
0.010000,1.065337,2.282000,1.065365,3.570785,6.103906,-0.000000,0.000000
0.010000,1.101655,2.282000,1.101683,3.631824,6.103906,0.000000,0.000000
0.010000,1.138584,2.282000,1.138611,3.692863,6.103906,-0.000000,0.000000
0.010000,1.176123,2.282000,1.176150,3.753902,6.103906,0.000000,0.000000
0.010000,1.214272,2.282000,1.214300,3.814941,6.103906,0.000000,0.000000
0.010000,1.253032,2.282000,1.253060,3.875980,6.103906,-0.000000,0.000000
0.010000,1.292402,2.282000,1.292430,3.937020,6.103906,-0.000000,0.000000
0.010000,1.332383,2.282000,1.332410,3.998059,6.103906,0.000000,0.000000
0.010000,1.372974,2.282000,1.373001,4.059098,6.103906,0.000000,0.000000
0.010000,1.414175,2.282000,1.414203,4.120137,6.103906,-0.000000,0.000000
0.010000,1.455987,2.282000,1.456015,4.181176,6.103906,0.000000,0.000000
0.010000,1.498409,2.282000,1.498437,4.242215,6.103906,-0.000000,0.000000
0.010000,1.541442,2.282000,1.541469,4.303254,6.103906,0.000000,0.000000
0.010000,1.585084,2.282000,1.585112,4.364293,6.103906,0.000000,0.000000
0.010000,1.629338,2.282000,1.629366,4.425332,6.103906,0.000000,0.000000
0.010000,1.674201,2.282000,1.674229,4.486371,6.103906,-0.000000,0.000000
0.010000,1.719676,2.282000,1.719703,4.547410,6.103906,0.000000,0.000000
0.010000,1.765760,2.282000,1.765788,4.608449,6.103906,-0.000000,0.000000
0.010000,1.812455,2.282000,1.812483,4.669488,6.103906,0.000000,0.000000
0.010000,1.859760,2.282000,1.859788,4.730527,6.103906,-0.000000,0.000000
0.010000,1.907676,2.282000,1.907704,4.791566,6.103906,0.000000,0.000000
0.010000,1.956202,2.282000,1.956230,4.852605,6.103906,-0.000000,0.000000
0.010000,2.005338,2.282000,2.005366,4.913645,6.103906,0.000000,0.000000
0.010000,2.055085,2.282000,2.055113,4.974684,6.103906,0.000000,0.000000
0.010000,2.105442,2.282000,2.105470,5.035723,6.103906,-0.000000,0.000000
0.010000,2.156410,2.282000,2.156438,5.096762,6.103906,0.000000,0.000000
0.010000,2.207988,2.282000,2.208016,5.157801,6.103906,-0.000000,0.000000
0.010000,2.260176,2.282000,2.260204,5.218840,6.103906,0.000000,0.000000
0.010000,2.312975,2.282000,2.313003,5.279879,6.103906,0.000000,0.000000
0.010000,2.366384,2.282000,2.366412,5.340918,6.103906,-0.000000,0.000000
0.010000,2.420404,2.282000,2.420432,5.401957,6.103906,0.000000,0.000000
0.010000,2.475034,2.282000,2.475062,5.462996,6.103906,0.000000,0.000000
0.010000,2.530274,2.282000,2.530302,5.524035,6.103906,-0.000000,0.000000
0.010000,2.586125,2.282000,2.586153,5.585074,6.103906,0.000000,0.000000
0.010000,2.642586,2.282000,2.642614,5.646113,6.103906,-0.000000,0.000000
0.010000,2.699658,2.282000,2.699685,5.707152,6.103906,0.000000,0.000000
0.010000,2.757340,2.282000,2.757367,5.768191,6.103906,-0.000000,0.000000
0.010000,2.815632,2.282000,2.815660,5.829230,6.103906,0.000000,0.000000
0.010000,2.874535,2.282000,2.874562,5.890270,6.103906,-0.000000,0.000000
0.010000,2.934048,2.282000,2.934075,5.951309,6.103906,0.000000,0.000000
0.010000,2.994171,2.282000,2.994199,6.012348,6.103906,-0.000000,0.000000
0.010000,3.054905,2.282000,3.054933,6.073387,6.103906,0.000000,0.000000
0.010000,3.116249,2.282000,3.116277,6.134426,6.103906,0.000000,0.000000
0.010000,3.178204,2.282000,3.178232,6.195465,6.103906,0.000000,0.000000
0.010000,3.240769,2.282000,3.240797,6.256504,6.103906,-0.000000,0.000000
0.010000,3.303944,2.282000,3.303972,6.317543,6.103906,0.000000,0.000000
0.010000,3.367730,2.282000,3.367758,6.378582,6.103906,-0.000000,0.000000
0.010000,3.432126,2.282000,3.432154,6.439621,6.103906,0.000000,0.000000
0.010000,3.497133,2.282000,3.497161,6.500660,6.103906,0.000000,0.000000
0.010000,3.562750,2.282000,3.562778,6.561699,6.103906,0.000000,0.000000
0.010000,3.628977,2.282000,3.629005,6.622738,6.103906,-0.000000,0.000000
0.010000,3.695815,2.282000,3.695843,6.683777,6.103906,-0.000000,0.000000
0.010000,3.763263,2.282000,3.763291,6.744816,6.103906,0.000000,0.000000
0.010000,3.831322,2.282000,3.831350,6.805855,6.103906,-0.000000,0.000000
0.010000,3.899991,2.282000,3.900019,6.866895,6.103906,0.000000,0.000000
0.010000,3.969270,2.282000,3.969298,6.927934,6.103906,-0.000000,0.000000
0.010000,4.039160,2.282000,4.039188,6.988973,6.103906,0.000000,0.000000
0.010000,4.109660,2.282000,4.109688,7.050012,6.103906,0.000000,0.000000
0.010000,4.180771,2.282000,4.180798,7.111051,6.103906,-0.000000,0.000000
0.010000,4.252491,2.282000,4.252519,7.172090,6.103906,0.000000,0.000000
0.010000,4.324823,2.282000,4.324851,7.233129,6.103906,-0.000000,0.000000
0.010000,4.397764,2.282000,4.397792,7.294168,6.103906,0.000000,0.000000
0.010000,4.471317,2.282000,4.471344,7.355207,6.103906,-0.000000,0.000000
0.010000,4.545479,2.282000,4.545507,7.416246,6.103906,0.000000,0.000000
0.010000,4.620252,2.282000,4.620280,7.477285,6.103906,0.000000,0.000000
0.010000,4.695607,2.282000,4.695635,7.535550,5.826456,-27.745028,0.000000
0.010000,4.771490,2.282000,4.771518,7.588265,5.271555,-55.490057,0.000000
0.010000,4.847844,2.282000,4.847872,7.635432,4.716655,-55.490057,0.000000
0.010000,4.924615,2.282000,4.924643,7.677049,4.161754,-55.490057,0.000000
0.010000,5.001746,2.282000,5.001774,7.713118,3.606854,-55.490057,0.000000
0.010000,5.079182,2.282000,5.079210,7.743637,3.051953,-55.490056,0.000000
0.010000,5.156868,2.282000,5.156896,7.768608,2.497053,-55.490057,0.000000
0.010000,5.234749,2.282000,5.234776,7.788029,1.942152,-55.490057,0.000000
0.010000,5.312768,2.282000,5.312795,7.801902,1.387251,-55.490057,0.000000
0.010000,5.390870,2.282000,5.390898,7.810225,0.832351,-55.490057,0.000000
0.010000,5.469000,2.282000,5.469028,7.813000,0.277450,-55.490057,0.000000
0.010000,5.547130,2.282000,5.547158,7.813000,-0.000000,-27.745028,0.000000
0.010000,5.625260,2.282000,5.625288,7.813000,0.000000,0.000000,0.000000
0.010000,5.703390,2.282000,5.703418,7.813000,0.000000,0.000000,0.000000
0.010000,5.781520,2.282000,5.781548,7.813000,0.000000,0.000000,0.000000
0.010000,5.859650,2.282000,5.859678,7.813000,-0.000000,-0.000000,0.000000
0.010000,5.937780,2.282000,5.937808,7.813000,0.000000,0.000000,0.000000
0.010000,6.015910,2.282000,6.015938,7.813000,0.000000,0.000000,0.000000
0.010000,6.094040,2.282000,6.094068,7.813000,0.000000,-0.000000,0.000000
0.010000,6.172170,2.282000,6.172198,7.813000,-0.000000,-0.000000,0.000000
0.010000,6.250300,2.282000,6.250328,7.813000,0.000000,0.000000,0.000000
0.010000,6.328430,2.282000,6.328458,7.813000,-0.000000,-0.000000,0.000000
0.010000,6.406560,2.282000,6.406588,7.813000,-0.000000,0.000000,0.000000
0.010000,6.484690,2.282000,6.484718,7.813000,0.000000,0.000000,0.000000
0.010000,6.562820,2.282000,6.562848,7.813000,0.000000,-0.000000,0.000000
0.010000,6.640950,2.282000,6.640978,7.813000,-0.000000,-0.000000,0.000000
0.010000,6.719080,2.282000,6.719108,7.813000,0.000000,0.000000,0.000000
0.010000,6.797210,2.282000,6.797238,7.813000,-0.000000,-0.000000,0.000000
0.010000,6.875340,2.282000,6.875368,7.813000,0.000000,0.000000,0.000000
0.010000,6.953470,2.282000,6.953498,7.813000,-0.000000,-0.000000,0.000000
0.010000,7.031600,2.282000,7.031628,7.813000,0.000000,0.000000,0.000000
0.010000,7.109730,2.282000,7.109758,7.813000,0.000000,-0.000000,0.000000
0.010000,7.187860,2.282000,7.187888,7.813000,0.000000,0.000000,0.000000
0.010000,7.265990,2.282000,7.266018,7.813000,0.000000,-0.000000,0.000000
0.010000,7.344120,2.282000,7.344148,7.813000,-0.000000,-0.000000,0.000000
0.010000,7.422250,2.282000,7.422278,7.813000,0.000000,0.000000,0.000000
0.010000,7.500380,2.282000,7.500408,7.813000,0.000000,0.000000,0.000000
0.010000,7.578510,2.282000,7.578538,7.813000,0.000000,0.000000,0.000000
0.010000,7.656640,2.282000,7.656668,7.813000,0.000000,0.000000,0.000000
0.010000,7.734770,2.282000,7.734798,7.813000,-0.000000,-0.000000,0.000000
0.010000,7.812900,2.282000,7.812928,7.813000,0.000000,0.000000,0.000000
0.010000,7.891030,2.282000,7.891058,7.813000,-0.000000,-0.000000,0.000000
0.010000,7.969160,2.282000,7.969188,7.813000,0.000000,0.000000,0.000000
0.010000,8.047290,2.282000,8.047318,7.813000,0.000000,0.000000,0.000000
0.010000,8.125420,2.282000,8.125448,7.813000,0.000000,0.000000,0.000000
0.010000,8.203550,2.282000,8.203578,7.813000,-0.000000,-0.000000,0.000000
0.010000,8.281680,2.282000,8.281708,7.813000,0.000000,0.000000,0.000000
0.010000,8.359810,2.282000,8.359838,7.813000,0.000000,0.000000,0.000000
0.010000,8.437940,2.282000,8.437968,7.813000,-0.000000,-0.000000,0.000000
0.010000,8.516070,2.282000,8.516098,7.813000,0.000000,0.000000,0.000000
0.010000,8.594200,2.282000,8.594228,7.813000,0.000000,0.000000,0.000000
0.010000,8.672330,2.282000,8.672358,7.813000,0.000000,0.000000,0.000000
0.010000,8.750460,2.282000,8.750488,7.813000,0.000000,0.000000,0.000000
0.010000,8.828590,2.282000,8.828618,7.813000,0.000000,0.000000,0.000000
0.010000,8.906720,2.282000,8.906748,7.813000,0.000000,0.000000,0.000000
0.010000,8.984850,2.282000,8.984878,7.813000,-0.000000,-0.000000,0.000000
0.010000,9.062980,2.282000,9.063008,7.813000,0.000000,0.000000,0.000000
0.010000,9.141110,2.282000,9.141138,7.813000,0.000000,0.000000,0.000000
0.010000,9.219240,2.282000,9.219268,7.813000,0.000000,0.000000,0.000000
0.010000,9.297370,2.282000,9.297398,7.813000,0.000000,0.000000,0.000000
0.010000,9.375500,2.282000,9.375528,7.813000,-0.000000,-0.000000,0.000000
0.010000,9.453630,2.282000,9.453658,7.813000,0.000000,0.000000,0.000000
0.010000,9.531760,2.282000,9.531788,7.813000,0.000000,0.000000,0.000000
0.010000,9.609890,2.282000,9.609918,7.813000,0.000000,0.000000,0.000000
0.010000,9.688020,2.282000,9.688048,7.813000,0.000000,0.000000,0.000000
0.010000,9.766150,2.282000,9.766178,7.813000,0.000000,0.000000,0.000000
0.010000,9.844280,2.282000,9.844308,7.813000,-0.000000,-0.000000,0.000000
0.010000,9.922410,2.282000,9.922438,7.813000,0.000000,0.000000,0.000000
0.010000,10.000400,2.282000,10.000428,7.799000,-1.400000,-140.000000,0.000000
0.010000,10.078530,2.282000,10.078558,7.813000,1.400000,280.000000,0.000000
0.010000,10.156660,2.282000,10.156688,7.813000,0.000000,-140.000000,0.000000
0.010000,10.234790,2.282000,10.234818,7.813000,0.000000,0.000000,0.000000
0.010000,10.312920,2.282000,10.312948,7.813000,0.000000,-0.000000,0.000000
0.010000,10.391050,2.282000,10.391078,7.813000,0.000000,0.000000,0.000000
0.010000,10.469180,2.282000,10.469208,7.813000,-0.000000,-0.000000,0.000000
0.010000,10.547310,2.282000,10.547338,7.813000,-0.000000,-0.000000,0.000000
0.010000,10.625440,2.282000,10.625468,7.813000,-0.000000,0.000000,0.000000
0.010000,10.703570,2.282000,10.703598,7.813000,0.000000,0.000000,0.000000
0.010000,10.781700,2.282000,10.781728,7.813000,-0.000000,-0.000000,0.000000
0.010000,10.859830,2.282000,10.859858,7.813000,0.000000,0.000000,0.000000
0.010000,10.937960,2.282000,10.937988,7.813000,0.000000,0.000000,0.000000
0.010000,11.016090,2.282000,11.016118,7.813000,0.000000,-0.000000,0.000000
0.010000,11.094220,2.282000,11.094248,7.813000,0.000000,-0.000000,0.000000
0.010000,11.172350,2.282000,11.172378,7.813000,0.000000,0.000000,0.000000
0.010000,11.250480,2.282000,11.250508,7.813000,0.000000,0.000000,0.000000
0.010000,11.328610,2.282000,11.328638,7.813000,0.000000,0.000000,0.000000
0.010000,11.406740,2.282000,11.406768,7.813000,0.000000,0.000000,0.000000
0.010000,11.484870,2.282000,11.484898,7.813000,0.000000,0.000000,0.000000
0.010000,11.563000,2.282000,11.563028,7.813000,-0.000000,-0.000000,0.000000
0.010000,11.641130,2.282000,11.641158,7.813000,0.000000,0.000000,0.000000
0.010000,11.719260,2.282000,11.719288,7.813000,0.000000,0.000000,0.000000
0.010000,11.797390,2.282000,11.797418,7.813000,-0.000000,-0.000000,0.000000
0.010000,11.875520,2.282000,11.875548,7.813000,-0.000000,0.000000,0.000000
0.010000,11.953650,2.282000,11.953678,7.813000,-0.000000,0.000000,0.000000
0.010000,12.031780,2.282000,12.031808,7.813000,0.000000,0.000000,0.000000
0.010000,12.109910,2.282000,12.109938,7.813000,-0.000000,-0.000000,0.000000
0.010000,12.188040,2.282000,12.188068,7.813000,0.000000,0.000000,0.000000
0.010000,12.266170,2.282000,12.266198,7.813000,-0.000000,-0.000000,0.000000
0.010000,12.344300,2.282000,12.344328,7.813000,0.000000,0.000000,0.000000
0.010000,12.422430,2.282000,12.422458,7.813000,-0.000000,-0.000000,0.000000
0.010000,12.500560,2.282000,12.500588,7.813000,0.000000,0.000000,0.000000
0.010000,12.578690,2.282000,12.578718,7.813000,-0.000000,-0.000000,0.000000
0.010000,12.656820,2.282000,12.656848,7.813000,0.000000,0.000000,0.000000
0.010000,12.734950,2.282000,12.734978,7.813000,-0.000000,-0.000000,0.000000
0.010000,12.813080,2.282000,12.813108,7.813000,0.000000,0.000000,0.000000
0.010000,12.891210,2.282000,12.891238,7.813000,-0.000000,-0.000000,0.000000
0.010000,12.969340,2.282000,12.969368,7.813000,0.000000,0.000000,0.000000
0.010000,13.047470,2.282000,13.047498,7.813000,0.000000,0.000000,0.000000
0.010000,13.125600,2.282000,13.125628,7.813000,0.000000,0.000000,0.000000
0.010000,13.203730,2.282000,13.203758,7.813000,-0.000000,-0.000000,0.000000
0.010000,13.281860,2.282000,13.281888,7.813000,0.000000,0.000000,0.000000
0.010000,13.359990,2.282000,13.360018,7.813000,-0.000000,-0.000000,0.000000
0.010000,13.438120,2.282000,13.438148,7.813000,0.000000,0.000000,0.000000
0.010000,13.516250,2.282000,13.516278,7.813000,-0.000000,-0.000000,0.000000
0.010000,13.594380,2.282000,13.594408,7.813000,0.000000,0.000000,0.000000
0.010000,13.672510,2.282000,13.672538,7.813000,0.000000,0.000000,0.000000
0.010000,13.750640,2.282000,13.750668,7.813000,0.000000,0.000000,0.000000
0.010000,13.828770,2.282000,13.828798,7.813000,0.000000,0.000000,0.000000
0.010000,13.906900,2.282000,13.906928,7.813000,0.000000,0.000000,0.000000
0.010000,13.985030,2.282000,13.985058,7.813000,0.000000,0.000000,0.000000
0.010000,14.063160,2.282000,14.063188,7.813000,0.000000,0.000000,0.000000
0.010000,14.141290,2.282000,14.141318,7.813000,0.000000,0.000000,0.000000
0.010000,14.219420,2.282000,14.219448,7.813000,0.000000,0.000000,0.000000
0.010000,14.297550,2.282000,14.297578,7.813000,0.000000,0.000000,0.000000
0.010000,14.375680,2.282000,14.375708,7.813000,0.000000,0.000000,0.000000
0.010000,14.453810,2.282000,14.453838,7.813000,0.000000,0.000000,0.000000
0.010000,14.531940,2.282000,14.531968,7.813000,0.000000,0.000000,0.000000
0.010000,14.610070,2.282000,14.610098,7.813000,-0.000000,-0.000000,0.000000
0.010000,14.688200,2.282000,14.688228,7.813000,0.000000,0.000000,0.000000
0.010000,14.766330,2.282000,14.766358,7.813000,-0.000000,-0.000000,0.000000
0.010000,14.844460,2.282000,14.844488,7.813000,0.000000,0.000000,0.000000
0.010000,14.922590,2.282000,14.922618,7.813000,0.000000,0.000000,0.000000
0.010000,15.000720,2.282000,15.000748,7.813000,0.000000,0.000000,0.000000
0.010000,15.078850,2.282000,15.078878,7.813000,0.000000,0.000000,0.000000
0.010000,15.156980,2.282000,15.157008,7.813000,0.000000,0.000000,0.000000
0.010000,15.235110,2.282000,15.235138,7.813000,0.000000,0.000000,0.000000
0.010000,15.313240,2.282000,15.313268,7.813000,0.000000,0.000000,0.000000
0.010000,15.391370,2.282000,15.391398,7.813000,0.000000,0.000000,0.000000
0.010000,15.469500,2.282000,15.469528,7.813000,0.000000,0.000000,0.000000
0.010000,15.547630,2.282000,15.547658,7.813000,0.000000,0.000000,0.000000
0.010000,15.625760,2.282000,15.625788,7.813000,0.000000,0.000000,0.000000
0.010000,15.703890,2.282000,15.703918,7.813000,0.000000,0.000000,0.000000
0.010000,15.782020,2.282000,15.782048,7.813000,0.000000,0.000000,0.000000
0.010000,15.860150,2.282000,15.860178,7.813000,0.000000,0.000000,0.000000
0.010000,15.938280,2.282000,15.938308,7.813000,0.000000,0.000000,0.000000
0.010000,16.016410,2.282000,16.016438,7.813000,0.000000,0.000000,0.000000
0.010000,16.094540,2.282000,16.094568,7.813000,0.000000,-0.000000,0.000000
0.010000,16.172670,2.282000,16.172698,7.813000,0.000000,0.000000,0.000000
0.010000,16.250800,2.282000,16.250828,7.813000,0.000000,0.000000,0.000000
0.010000,16.328930,2.282000,16.328958,7.813000,0.000000,0.000000,0.000000
0.010000,16.407060,2.282000,16.407088,7.813000,0.000000,0.000000,0.000000
0.010000,16.485190,2.282000,16.485218,7.813000,0.000000,0.000000,0.000000
0.010000,16.563320,2.282000,16.563348,7.813000,0.000000,0.000000,0.000000
0.010000,16.641450,2.282000,16.641478,7.813000,0.000000,0.000000,0.000000
0.010000,16.719580,2.282000,16.719608,7.813000,0.000000,0.000000,0.000000
0.010000,16.797710,2.282000,16.797738,7.813000,0.000000,0.000000,0.000000
0.010000,16.875840,2.282000,16.875868,7.813000,0.000000,0.000000,0.000000
0.010000,16.953970,2.282000,16.953998,7.813000,0.000000,0.000000,0.000000
0.010000,17.032100,2.282000,17.032128,7.813000,0.000000,0.000000,0.000000
0.010000,17.110230,2.282000,17.110258,7.813000,0.000000,0.000000,0.000000
0.010000,17.188360,2.282000,17.188388,7.813000,0.000000,-0.000000,0.000000
0.010000,17.266490,2.282000,17.266518,7.813000,0.000000,0.000000,0.000000
0.010000,17.344620,2.282000,17.344648,7.813000,0.000000,0.000000,0.000000
0.010000,17.422750,2.282000,17.422778,7.813000,0.000000,0.000000,0.000000
0.010000,17.500880,2.282000,17.500908,7.813000,0.000000,0.000000,0.000000
0.010000,17.579010,2.282000,17.579038,7.813000,0.000000,0.000000,0.000000
0.010000,17.657140,2.282000,17.657168,7.813000,0.000000,0.000000,0.000000
0.010000,17.735270,2.282000,17.735298,7.813000,0.000000,0.000000,0.000000
0.010000,17.813400,2.282000,17.813428,7.813000,-0.000000,-0.000000,0.000000
0.010000,17.891530,2.282000,17.891558,7.813000,0.000000,0.000000,0.000000
0.010000,17.969660,2.282000,17.969688,7.813000,0.000000,0.000000,0.000000
0.010000,18.047790,2.282000,18.047818,7.813000,0.000000,0.000000,0.000000
0.010000,18.125920,2.282000,18.125948,7.813000,0.000000,0.000000,0.000000
0.010000,18.204050,2.282000,18.204078,7.813000,0.000000,0.000000,0.000000
0.010000,18.282180,2.282000,18.282208,7.813000,0.000000,0.000000,0.000000
0.010000,18.360310,2.282000,18.360338,7.813000,0.000000,0.000000,0.000000
0.010000,18.438440,2.282000,18.438468,7.813000,0.000000,0.000000,0.000000
0.010000,18.516570,2.282000,18.516598,7.813000,0.000000,0.000000,0.000000
0.010000,18.594700,2.282000,18.594728,7.813000,0.000000,0.000000,0.000000
0.010000,18.672830,2.282000,18.672858,7.813000,0.000000,0.000000,0.000000
0.010000,18.750960,2.282000,18.750988,7.813000,0.000000,0.000000,0.000000
0.010000,18.829090,2.282000,18.829118,7.813000,0.000000,0.000000,0.000000
0.010000,18.907220,2.282000,18.907248,7.813000,-0.000000,-0.000000,0.000000
0.010000,18.985350,2.282000,18.985378,7.813000,-0.000000,0.000000,0.000000
0.010000,19.063480,2.282000,19.063508,7.813000,0.000000,0.000000,0.000000
0.010000,19.141610,2.282000,19.141638,7.813000,0.000000,0.000000,0.000000
0.010000,19.219740,2.282000,19.219768,7.813000,0.000000,-0.000000,0.000000
0.010000,19.297870,2.282000,19.297898,7.813000,-0.000000,-0.000000,0.000000
0.010000,19.376000,2.282000,19.376028,7.813000,0.000000,0.000000,0.000000
0.010000,19.454130,2.282000,19.454158,7.813000,0.000000,0.000000,0.000000
0.010000,19.532260,2.282000,19.532288,7.813000,-0.000000,-0.000000,0.000000
0.010000,19.610390,2.282000,19.610418,7.813000,-0.000000,0.000000,0.000000
0.010000,19.688520,2.282000,19.688548,7.813000,0.000000,0.000000,0.000000
0.010000,19.766650,2.282000,19.766678,7.813000,0.000000,0.000000,0.000000
0.010000,19.844780,2.282000,19.844808,7.813000,-0.000000,-0.000000,0.000000
0.010000,19.922910,2.282000,19.922938,7.813000,0.000000,0.000000,0.000000
0.010000,20.001040,2.282000,20.001068,7.813000,0.000000,0.000000,0.000000
0.010000,20.079170,2.282000,20.079198,7.813000,0.000000,0.000000,0.000000
0.010000,20.157300,2.282000,20.157328,7.813000,0.000000,0.000000,0.000000
0.010000,20.235430,2.282000,20.235458,7.813000,0.000000,0.000000,0.000000
0.010000,20.313560,2.282000,20.313588,7.813000,0.000000,0.000000,0.000000
0.010000,20.391690,2.282000,20.391718,7.813000,0.000000,0.000000,0.000000
0.010000,20.469820,2.282000,20.469848,7.813000,0.000000,0.000000,0.000000
0.010000,20.547950,2.282000,20.547978,7.813000,0.000000,0.000000,0.000000
0.010000,20.626080,2.282000,20.626108,7.813000,0.000000,0.000000,0.000000
0.010000,20.704210,2.282000,20.704238,7.813000,0.000000,0.000000,0.000000
0.010000,20.782340,2.282000,20.782368,7.813000,0.000000,0.000000,0.000000
0.010000,20.860470,2.282000,20.860498,7.813000,0.000000,0.000000,0.000000
0.010000,20.938600,2.282000,20.938628,7.813000,-0.000000,-0.000000,0.000000
0.010000,21.016730,2.282000,21.016758,7.813000,0.000000,0.000000,0.000000
0.010000,21.094860,2.282000,21.094888,7.813000,0.000000,0.000000,0.000000
0.010000,21.172990,2.282000,21.173018,7.813000,0.000000,0.000000,0.000000
0.010000,21.251120,2.282000,21.251148,7.813000,0.000000,0.000000,0.000000
0.010000,21.329250,2.282000,21.329278,7.813000,-0.000000,-0.000000,0.000000
0.010000,21.407380,2.282000,21.407408,7.813000,0.000000,0.000000,0.000000
0.010000,21.485510,2.282000,21.485538,7.813000,-0.000000,-0.000000,0.000000
0.010000,21.563640,2.282000,21.563668,7.813000,0.000000,0.000000,0.000000
0.010000,21.641770,2.282000,21.641798,7.813000,0.000000,0.000000,0.000000
0.010000,21.719900,2.282000,21.719928,7.813000,0.000000,0.000000,0.000000
0.010000,21.798030,2.282000,21.798058,7.813000,0.000000,0.000000,0.000000
0.010000,21.876160,2.282000,21.876188,7.813000,0.000000,0.000000,0.000000
0.010000,21.954290,2.282000,21.954318,7.813000,0.000000,0.000000,0.000000
0.010000,22.032420,2.282000,22.032448,7.813000,0.000000,0.000000,0.000000
0.010000,22.110550,2.282000,22.110578,7.813000,0.000000,0.000000,0.000000
0.010000,22.188680,2.282000,22.188708,7.813000,0.000000,0.000000,0.000000
0.010000,22.266810,2.282000,22.266838,7.813000,0.000000,0.000000,0.000000
0.010000,22.344940,2.282000,22.344968,7.813000,0.000000,0.000000,0.000000
0.010000,22.423070,2.282000,22.423098,7.813000,0.000000,0.000000,0.000000
0.010000,22.501200,2.282000,22.501228,7.813000,0.000000,0.000000,0.000000
0.010000,22.579330,2.282000,22.579358,7.813000,-0.000000,-0.000000,0.000000
0.010000,22.657460,2.282000,22.657488,7.813000,-0.000000,0.000000,0.000000
0.010000,22.735590,2.282000,22.735618,7.813000,0.000000,0.000000,0.000000
0.010000,22.813720,2.282000,22.813748,7.813000,-0.000000,-0.000000,0.000000
0.010000,22.891850,2.282000,22.891878,7.813000,-0.000000,0.000000,0.000000
0.010000,22.969980,2.282000,22.970008,7.813000,0.000000,0.000000,0.000000
0.010000,23.048110,2.282000,23.048138,7.813000,0.000000,-0.000000,0.000000
0.010000,23.126240,2.282000,23.126268,7.813000,-0.000000,-0.000000,0.000000
0.010000,23.204370,2.282000,23.204398,7.813000,-0.000000,0.000000,0.000000
0.010000,23.282500,2.282000,23.282528,7.813000,0.000000,0.000000,0.000000
0.010000,23.360604,2.282000,23.360631,7.810359,-0.264063,-26.406280,0.000000
0.010000,23.438627,2.282000,23.438654,7.802304,-0.805576,-54.151308,0.000000
0.010000,23.516514,2.282000,23.516541,7.788699,-1.360476,-55.490057,0.000000
0.010000,23.594209,2.282000,23.594237,7.769545,-1.915377,-55.490057,0.000000
0.010000,23.671657,2.282000,23.671685,7.744842,-2.470278,-55.490057,0.000000
0.010000,23.748803,2.282000,23.748831,7.714591,-3.025178,-55.490057,0.000000
0.010000,23.825591,2.282000,23.825619,7.678790,-3.580079,-55.490057,0.000000
0.010000,23.901966,2.282000,23.901993,7.637440,-4.134979,-55.490057,0.000000
0.010000,23.977871,2.282000,23.977899,7.590541,-4.689880,-55.490057,0.000000
0.010000,24.060829,2.282239,24.060857,8.295862,70.532052,7522.193153,0.007886
0.010000,24.146729,2.283406,24.146765,8.590802,29.494039,-4103.801272,0.019360
0.010000,24.232364,2.285569,24.232428,8.566213,-2.458912,-3195.295077,0.031210
0.010000,24.317733,2.288754,24.317856,8.542797,-2.341553,11.735923,0.043449
0.010000,24.402835,2.292990,24.403063,8.520735,-2.206259,13.529396,0.056090
0.010000,24.487669,2.298306,24.488063,8.500046,-2.068881,13.737773,0.069148
0.010000,24.572233,2.304733,24.572871,8.480745,-1.930064,13.881676,0.082638
0.010000,24.656522,2.312302,24.657499,8.462839,-1.790587,13.947708,0.096573
0.010000,24.740531,2.321048,24.741963,8.446326,-1.651384,13.920258,0.110968
0.010000,24.824253,2.331004,24.826274,8.431190,-1.513566,13.781886,0.125837
0.010000,24.907678,2.342206,24.910448,8.417406,-1.378431,13.513441,0.141195
0.010000,24.990795,2.354689,24.994498,8.404931,-1.247492,13.093914,0.157054
0.010000,25.073590,2.368492,25.078435,8.393706,-1.122481,12.501065,0.173428
0.010000,25.156044,2.383653,25.162271,8.383652,-1.005375,11.710615,0.190329
0.010000,25.238138,2.400209,25.246018,8.374668,-0.898393,10.698231,0.207767
0.010000,25.319847,2.418199,25.329684,8.366628,-0.804008,9.438480,0.225753
0.010000,25.401144,2.437661,25.413278,8.359379,-0.724944,7.906380,0.244295
0.010000,25.481996,2.458633,25.496805,8.352737,-0.664153,6.079160,0.263399
0.010000,25.562365,2.481152,25.580270,8.346489,-0.624796,3.935651,0.283069
0.010000,25.642211,2.505252,25.663674,8.340387,-0.610209,1.458771,0.303307
0.010000,25.721487,2.530967,25.747016,8.334149,-0.623824,-1.361577,0.324111
0.010000,25.800139,2.558325,25.830290,8.327458,-0.669125,-4.530054,0.345476
0.010000,25.878111,2.587352,25.913490,8.319962,-0.749520,-8.039552,0.367394
0.010000,25.955338,2.618071,25.996603,8.311280,-0.868258,-11.873727,0.389854
0.010000,26.031753,2.650496,26.079613,8.300997,-1.028270,-16.001237,0.412838
0.010000,26.107282,2.684637,26.162499,8.288677,-1.232043,-20.377306,0.436325
0.010000,26.181846,2.720496,26.245238,8.273862,-1.481458,-24.941459,0.460290
0.010000,26.255363,2.758067,26.327799,8.256086,-1.777628,-29.617048,0.484702
0.010000,26.327746,2.797336,26.410148,8.234878,-2.120761,-34.313253,0.509526
0.010000,26.398907,2.838277,26.492246,8.209778,-2.510022,-38.926101,0.534721
0.010000,26.468755,2.880857,26.574049,8.180344,-2.943440,-43.341835,0.560242
0.010000,26.537201,2.925029,26.655511,8.146165,-3.417851,-47.441096,0.586041
0.010000,26.604154,2.970739,26.736579,8.106876,-3.928897,-51.104592,0.612064
0.010000,26.669529,3.017919,26.817201,8.062165,-4.471078,-54.218139,0.638257
0.010000,26.733242,3.066494,26.897319,8.011787,-5.037878,-56.679936,0.664559
0.010000,26.795216,3.116376,26.976875,7.955567,-5.621936,-58.405824,0.690911
0.010000,26.855381,3.167472,27.055809,7.893414,-6.215283,-59.334696,0.717252
0.010000,26.913674,3.219679,27.134062,7.825318,-6.809609,-59.432608,0.743520
0.010000,26.970041,3.272887,27.211575,7.751353,-7.396556,-58.694752,0.769654
0.010000,27.024438,3.326983,27.288292,7.671673,-7.968017,-57.146077,0.795596
0.010000,27.076833,3.381850,27.364157,7.586509,-8.516412,-54.839497,0.821288
0.010000,27.127202,3.437367,27.439119,7.496159,-9.034938,-51.852547,0.846677
0.010000,27.175534,3.493416,27.513129,7.400981,-9.517765,-48.282714,0.871714
0.010000,27.221827,3.549878,27.586142,7.301380,-9.960178,-44.241273,0.896352
0.010000,27.266090,3.606637,27.658120,7.197793,-10.358652,-39.847480,0.920551
0.010000,27.308343,3.663580,27.729027,7.090684,-10.710874,-35.222186,0.944273
0.010000,27.348612,3.720599,27.798832,6.980527,-11.015698,-30.482426,0.967488
0.010000,27.386933,3.777591,27.867510,6.867797,-11.273061,-25.736276,0.990169
0.010000,27.423349,3.834461,27.935040,6.752958,-11.483866,-21.080480,1.012294
0.010000,27.457907,3.891118,28.001405,6.636460,-11.649831,-16.596533,1.033846
0.010000,27.490662,3.947479,28.066592,6.518726,-11.773339,-12.350769,1.054812
0.010000,27.521670,4.003467,28.130593,6.400154,-11.857273,-8.393416,1.075184
0.010000,27.550992,4.059013,28.193404,6.281105,-11.904871,-4.759740,1.094956
0.010000,27.578691,4.114056,28.255024,6.161909,-11.919582,-1.471172,1.114128
0.010000,27.604832,4.168538,28.315452,6.042860,-11.904950,1.463247,1.132700
0.010000,27.629479,4.222409,28.374694,5.924215,-11.864504,4.044542,1.150677
0.010000,27.652698,4.275626,28.432756,5.806198,-11.801683,6.282129,1.168065
0.010000,27.674554,4.328151,28.489646,5.689000,-11.719767,8.191573,1.184873
0.010000,27.695110,4.379949,28.545374,5.572782,-11.621832,9.793496,1.201111
0.010000,27.714429,4.430992,28.599951,5.457675,-11.510726,11.110661,1.216791
0.010000,27.732573,4.481255,28.653389,5.343784,-11.389033,12.169248,1.231924
0.010000,27.749601,4.530718,28.705701,5.231193,-11.259096,12.993721,1.246525
0.010000,27.765571,4.579363,28.756900,5.119963,-11.122988,13.610825,1.260607
0.010000,27.780539,4.627177,28.807002,5.010138,-10.982541,14.044667,1.274185
0.010000,27.794558,4.674147,28.856019,4.901745,-10.839349,14.319194,1.287274
0.010000,27.807680,4.720264,28.903967,4.794797,-10.694789,14.456022,1.299889
0.010000,27.819953,4.765523,28.950860,4.689296,-10.550036,14.475335,1.312044
0.010000,27.831425,4.809917,28.996712,4.585235,-10.406077,14.395840,1.323755
0.010000,27.842141,4.853443,29.041538,4.482598,-10.263746,14.233135,1.335036
0.010000,27.852143,4.896100,29.085352,4.381361,-10.123715,14.003074,1.345902
0.010000,27.861471,4.937886,29.128167,4.281495,-9.986543,13.717260,1.356367
0.010000,27.870166,4.978802,29.169997,4.182969,-9.852666,13.387628,1.366444
0.010000,27.878262,5.018849,29.210854,4.085745,-9.722423,13.024370,1.376148
0.010000,27.885796,5.058029,29.250752,3.989784,-9.596074,12.634852,1.385490
0.010000,27.892800,5.096345,29.289702,3.895046,-9.473803,12.227085,1.394485
0.010000,27.899305,5.133799,29.327717,3.801488,-9.355733,11.807006,1.403144
0.010000,27.905342,5.170395,29.364808,3.709069,-9.241937,11.379604,1.411478
0.010000,27.910938,5.206137,29.400985,3.617745,-9.132444,10.949343,1.419500
0.010000,27.916119,5.241029,29.436260,3.527472,-9.027251,10.519312,1.427219
0.010000,27.920912,5.275076,29.470642,3.438209,-8.926315,10.093557,1.434647
0.010000,27.925340,5.308281,29.504141,3.349913,-8.829586,9.672862,1.441794
0.010000,27.929426,5.340650,29.536767,3.262543,-8.736983,9.260348,1.448668
0.010000,27.933190,5.372186,29.568527,3.176059,-8.648416,8.856738,1.455280
0.010000,27.936655,5.402896,29.599432,3.090421,-8.563779,8.463643,1.461637
0.010000,27.939838,5.432783,29.629487,3.005592,-8.482963,8.081605,1.467749
0.010000,27.942757,5.461852,29.658703,2.921533,-8.405853,7.711036,1.473623
0.010000,27.945431,5.490108,29.687085,2.838210,-8.332324,7.352830,1.479266
0.010000,27.947875,5.517555,29.714641,2.755587,-8.262258,7.006619,1.484687
0.010000,27.950105,5.544198,29.741377,2.673632,-8.195530,6.672801,1.489892
0.010000,27.952136,5.570041,29.767300,2.592312,-8.132019,6.351089,1.494887
0.010000,27.953980,5.595090,29.792416,2.511596,-8.071603,6.041586,1.499678
0.010000,27.955652,5.619347,29.816731,2.431454,-8.014163,5.744083,1.504273
0.010000,27.957164,5.642817,29.840249,2.351858,-7.959586,5.457635,1.508676
0.010000,27.958527,5.665503,29.862977,2.272781,-7.907757,5.182915,1.512892
0.010000,27.959752,5.687411,29.884919,2.194195,-7.858572,4.918506,1.516927
0.010000,27.960851,5.708543,29.906080,2.116076,-7.811919,4.665264,1.520786
0.010000,27.961832,5.728904,29.926464,2.038399,-7.767705,4.421465,1.524473
0.010000,27.962706,5.748496,29.946075,1.961141,-7.725831,4.187379,1.527992
0.010000,27.963481,5.767323,29.964918,1.884278,-7.686206,3.962483,1.531348
0.010000,27.964165,5.785387,29.982996,1.807791,-7.648738,3.746792,1.534544
0.010000,27.964766,5.802694,30.000312,1.731658,-7.613352,3.538622,1.537584
0.010000,27.965292,5.819244,30.016871,1.655858,-7.579963,3.338952,1.540472
0.010000,27.965749,5.835041,30.032675,1.580373,-7.548499,3.146306,1.543210
0.010000,27.966145,5.850088,30.047727,1.505184,-7.518887,2.961198,1.545803
0.010000,27.966485,5.864386,30.062029,1.430273,-7.491064,2.782320,1.548252
0.010000,27.966775,5.877939,30.075586,1.355624,-7.464965,2.609889,1.550560
0.010000,27.967020,5.890749,30.088398,1.281218,-7.440536,2.442941,1.552730
0.010000,27.967226,5.902818,30.100468,1.207041,-7.417713,2.282334,1.554765
0.010000,27.967397,5.914147,30.111799,1.133077,-7.396454,2.125864,1.556666
0.010000,27.967537,5.924740,30.122392,1.059310,-7.376705,1.974899,1.558436
0.010000,27.967651,5.934596,30.132249,0.985725,-7.358429,1.827647,1.560076
0.010000,27.967742,5.943719,30.141372,0.912310,-7.341577,1.685160,1.561588
0.010000,27.967813,5.952109,30.149763,0.839048,-7.326114,1.546306,1.562974
0.010000,27.967868,5.959768,30.157422,0.765928,-7.312010,1.410414,1.564235
0.010000,27.967910,5.966697,30.164352,0.692936,-7.299227,1.278240,1.565372
0.010000,27.967940,5.972898,30.170552,0.620059,-7.287743,1.148460,1.566388
0.010000,27.967962,5.978371,30.176025,0.547283,-7.277528,1.021442,1.567282
0.010000,27.967977,5.983117,30.180771,0.474598,-7.268560,0.896858,1.568056
0.010000,27.967987,5.987136,30.184791,0.401990,-7.260820,0.773965,1.568710
0.010000,27.967993,5.990462,30.188117,0.332580,-6.940974,31.984653,1.569250
0.010000,27.967996,5.993159,30.190813,0.269646,-6.293427,64.754654,1.569688
0.010000,27.967998,5.995292,30.192946,0.213331,-5.631476,66.195091,1.570034
0.010000,27.967999,5.996928,30.194583,0.163624,-4.970712,66.076385,1.570299
0.010000,27.968000,5.998133,30.195788,0.120515,-4.310872,65.983999,1.570494
0.010000,27.968000,5.998973,30.196628,0.083998,-3.651726,65.914641,1.570630
0.010000,27.968000,5.999514,30.197168,0.054067,-2.993078,65.864785,1.570718
0.010000,27.968000,5.999821,30.197476,0.030719,-2.334769,65.830882,1.570767
0.010000,27.968000,5.999961,30.197615,0.013953,-1.676664,65.810507,1.570790
0.010000,27.968000,5.999998,30.197653,0.003766,-1.018669,65.799549,1.570796
0.010000,27.968000,6.000000,30.197654,0.000159,-0.360719,65.794958,1.570796
0.010000,27.968000,6.000000,30.197654,0.000000,-0.015874,34.484553,1.570796
