0.010000,0.000000,4.218000,0.000028,0.005549,0.554901,55.490057,0.000000
0.010000,0.000039,4.218000,0.000066,0.003873,-0.167649,-72.254972,0.000000
0.010000,0.000288,4.218000,0.000316,0.024971,2.109801,227.745028,0.000000
0.010000,0.000732,4.218000,0.000760,0.044392,1.942152,-16.764915,0.000000
0.010000,0.001426,4.218000,0.001454,0.069363,2.497053,55.490057,0.000000
0.010000,0.002425,4.218000,0.002453,0.099882,3.051953,55.490057,0.000000
0.010000,0.003784,4.218000,0.003812,0.135951,3.606854,55.490057,0.000000
0.010000,0.005560,4.218000,0.005588,0.177568,4.161754,55.490057,0.000000
0.010000,0.007807,4.218000,0.007835,0.224735,4.716655,55.490057,0.000000
0.010000,0.010582,4.218000,0.010610,0.277450,5.271555,55.490057,0.000000
0.010000,0.013939,4.218000,0.013967,0.335715,5.826456,55.490057,0.000000
0.010000,0.017907,4.218000,0.017934,0.396754,6.103906,27.745028,0.000000
0.010000,0.022484,4.218000,0.022512,0.457793,6.103906,0.000000,0.000000
0.010000,0.027673,4.218000,0.027701,0.518832,6.103906,0.000000,0.000000
0.010000,0.033471,4.218000,0.033499,0.579871,6.103906,-0.000000,0.000000
0.010000,0.039881,4.218000,0.039908,0.640910,6.103906,0.000000,0.000000
0.010000,0.046900,4.218000,0.046928,0.701949,6.103906,0.000000,0.000000
0.010000,0.054530,4.218000,0.054558,0.762988,6.103906,-0.000000,0.000000
0.010000,0.062770,4.218000,0.062798,0.824027,6.103906,-0.000000,0.000000
0.010000,0.071621,4.218000,0.071649,0.885066,6.103906,0.000000,0.000000
0.010000,0.081082,4.218000,0.081110,0.946105,6.103906,-0.000000,0.000000
0.010000,0.091153,4.218000,0.091181,1.007145,6.103906,0.000000,0.000000
0.010000,0.101835,4.218000,0.101863,1.068184,6.103906,-0.000000,0.000000
0.010000,0.113127,4.218000,0.113155,1.129223,6.103906,0.000000,0.000000
0.010000,0.125030,4.218000,0.125058,1.190262,6.103906,-0.000000,0.000000
0.010000,0.137543,4.218000,0.137571,1.251301,6.103906,-0.000000,0.000000
0.010000,0.150666,4.218000,0.150694,1.312340,6.103906,0.000000,0.000000
0.010000,0.164400,4.218000,0.164428,1.373379,6.103906,0.000000,0.000000
0.010000,0.178744,4.218000,0.178772,1.434418,6.103906,-0.000000,0.000000
0.010000,0.193699,4.218000,0.193727,1.495457,6.103906,0.000000,0.000000
0.010000,0.209264,4.218000,0.209292,1.556496,6.103906,0.000000,0.000000
0.010000,0.225439,4.218000,0.225467,1.617535,6.103906,-0.000000,0.000000
0.010000,0.242225,4.218000,0.242253,1.678574,6.103906,0.000000,0.000000
0.010000,0.259621,4.218000,0.259649,1.739613,6.103906,-0.000000,0.000000
0.010000,0.277628,4.218000,0.277655,1.800652,6.103906,-0.000000,0.000000
0.010000,0.296245,4.218000,0.296272,1.861691,6.103906,0.000000,0.000000
0.010000,0.315472,4.218000,0.315500,1.922730,6.103906,-0.000000,0.000000
0.010000,0.335310,4.218000,0.335337,1.983770,6.103906,-0.000000,0.000000
0.010000,0.355758,4.218000,0.355785,2.044809,6.103906,0.000000,0.000000
0.010000,0.376816,4.218000,0.376844,2.105848,6.103906,-0.000000,0.000000
0.010000,0.398485,4.218000,0.398513,2.166887,6.103906,0.000000,0.000000
0.010000,0.420764,4.218000,0.420792,2.227926,6.103906,0.000000,0.000000
0.010000,0.443654,4.218000,0.443682,2.288965,6.103906,-0.000000,0.000000
0.010000,0.467154,4.218000,0.467182,2.350004,6.103906,-0.000000,0.000000
0.010000,0.491264,4.218000,0.491292,2.411043,6.103906,0.000000,0.000000
0.010000,0.515985,4.218000,0.516013,2.472082,6.103906,-0.000000,0.000000
0.010000,0.541316,4.218000,0.541344,2.533121,6.103906,0.000000,0.000000
0.010000,0.567258,4.218000,0.567286,2.594160,6.103906,0.000000,0.000000
0.010000,0.593810,4.218000,0.593838,2.655199,6.103906,-0.000000,0.000000
0.010000,0.620972,4.218000,0.621000,2.716238,6.103906,0.000000,0.000000
0.010000,0.648745,4.218000,0.648773,2.777277,6.103906,0.000000,0.000000
0.010000,0.677128,4.218000,0.677156,2.838316,6.103906,-0.000000,0.000000
0.010000,0.706122,4.218000,0.706150,2.899355,6.103906,-0.000000,0.000000
0.010000,0.735726,4.218000,0.735754,2.960395,6.103906,0.000000,0.000000
0.010000,0.765940,4.218000,0.765968,3.021434,6.103906,-0.000000,0.000000
0.010000,0.796765,4.218000,0.796793,3.082473,6.103906,0.000000,0.000000
0.010000,0.828200,4.218000,0.828228,3.143512,6.103906,-0.000000,0.000000
0.010000,0.860246,4.218000,0.860273,3.204551,6.103906,-0.000000,0.000000
0.010000,0.892901,4.218000,0.892929,3.265590,6.103906,0.000000,0.000000
0.010000,0.926168,4.218000,0.926196,3.326629,6.103906,-0.000000,0.000000
0.010000,0.960044,4.218000,0.960072,3.387668,6.103906,0.000000,0.000000
0.010000,0.994532,4.218000,0.994559,3.448707,6.103906,-0.000000,0.000000
0.010000,1.029629,4.218000,1.029657,3.509746,6.103906,0.000000,0.000000
0.010000,1.065337,4.218000,1.065365,3.570785,6.103906,-0.000000,0.000000
0.010000,1.101655,4.218000,1.101683,3.631824,6.103906,0.000000,0.000000
0.010000,1.138584,4.218000,1.138611,3.692863,6.103906,-0.000000,0.000000
0.010000,1.176123,4.218000,1.176150,3.753902,6.103906,0.000000,0.000000
0.010000,1.214272,4.218000,1.214300,3.814941,6.103906,0.000000,0.000000
0.010000,1.253032,4.218000,1.253060,3.875980,6.103906,-0.000000,0.000000
0.010000,1.292402,4.218000,1.292430,3.937020,6.103906,-0.000000,0.000000
0.010000,1.332383,4.218000,1.332410,3.998059,6.103906,0.000000,0.000000
0.010000,1.372974,4.218000,1.373001,4.059098,6.103906,0.000000,0.000000
0.010000,1.414175,4.218000,1.414203,4.120137,6.103906,-0.000000,0.000000
0.010000,1.455987,4.218000,1.456015,4.181176,6.103906,0.000000,0.000000
0.010000,1.498409,4.218000,1.498437,4.242215,6.103906,-0.000000,0.000000
0.010000,1.541442,4.218000,1.541469,4.303254,6.103906,0.000000,0.000000
0.010000,1.585084,4.218000,1.585112,4.364293,6.103906,0.000000,0.000000
0.010000,1.629338,4.218000,1.629366,4.425332,6.103906,0.000000,0.000000
0.010000,1.674201,4.218000,1.674229,4.486371,6.103906,-0.000000,0.000000
0.010000,1.719676,4.218000,1.719703,4.547410,6.103906,0.000000,0.000000
0.010000,1.765760,4.218000,1.765788,4.608449,6.103906,-0.000000,0.000000
0.010000,1.812455,4.218000,1.812483,4.669488,6.103906,0.000000,0.000000
0.010000,1.859760,4.218000,1.859788,4.730527,6.103906,-0.000000,0.000000
0.010000,1.907676,4.218000,1.907704,4.791566,6.103906,0.000000,0.000000
0.010000,1.956202,4.218000,1.956230,4.852605,6.103906,-0.000000,0.000000
0.010000,2.005338,4.218000,2.005366,4.913645,6.103906,0.000000,0.000000
0.010000,2.055085,4.218000,2.055113,4.974684,6.103906,0.000000,0.000000
0.010000,2.105442,4.218000,2.105470,5.035723,6.103906,-0.000000,0.000000
0.010000,2.156410,4.218000,2.156438,5.096762,6.103906,0.000000,0.000000
0.010000,2.207988,4.218000,2.208016,5.157801,6.103906,-0.000000,0.000000
0.010000,2.260176,4.218000,2.260204,5.218840,6.103906,0.000000,0.000000
0.010000,2.312975,4.218000,2.313003,5.279879,6.103906,0.000000,0.000000
0.010000,2.366384,4.218000,2.366412,5.340918,6.103906,-0.000000,0.000000
0.010000,2.420404,4.218000,2.420432,5.401957,6.103906,0.000000,0.000000
0.010000,2.475034,4.218000,2.475062,5.462996,6.103906,0.000000,0.000000
0.010000,2.530274,4.218000,2.530302,5.524035,6.103906,-0.000000,0.000000
0.010000,2.586125,4.218000,2.586153,5.585074,6.103906,0.000000,0.000000
0.010000,2.642586,4.218000,2.642614,5.646113,6.103906,-0.000000,0.000000
0.010000,2.699658,4.218000,2.699685,5.707152,6.103906,0.000000,0.000000
0.010000,2.757340,4.218000,2.757367,5.768191,6.103906,-0.000000,0.000000
0.010000,2.815632,4.218000,2.815660,5.829230,6.103906,0.000000,0.000000
0.010000,2.874535,4.218000,2.874562,5.890270,6.103906,-0.000000,0.000000
0.010000,2.934048,4.218000,2.934075,5.951309,6.103906,0.000000,0.000000
0.010000,2.994171,4.218000,2.994199,6.012348,6.103906,-0.000000,0.000000
0.010000,3.054905,4.218000,3.054933,6.073387,6.103906,0.000000,0.000000
0.010000,3.116249,4.218000,3.116277,6.134426,6.103906,0.000000,0.000000
0.010000,3.178204,4.218000,3.178232,6.195465,6.103906,0.000000,0.000000
0.010000,3.240769,4.218000,3.240797,6.256504,6.103906,-0.000000,0.000000
0.010000,3.303944,4.218000,3.303972,6.317543,6.103906,0.000000,0.000000
0.010000,3.367730,4.218000,3.367758,6.378582,6.103906,-0.000000,0.000000
0.010000,3.432126,4.218000,3.432154,6.439621,6.103906,0.000000,0.000000
0.010000,3.497133,4.218000,3.497161,6.500660,6.103906,0.000000,0.000000
0.010000,3.562750,4.218000,3.562778,6.561699,6.103906,0.000000,0.000000
0.010000,3.628977,4.218000,3.629005,6.622738,6.103906,-0.000000,0.000000
0.010000,3.695815,4.218000,3.695843,6.683777,6.103906,-0.000000,0.000000
0.010000,3.763263,4.218000,3.763291,6.744816,6.103906,0.000000,0.000000
0.010000,3.831322,4.218000,3.831350,6.805855,6.103906,-0.000000,0.000000
0.010000,3.899991,4.218000,3.900019,6.866895,6.103906,0.000000,0.000000
0.010000,3.969270,4.218000,3.969298,6.927934,6.103906,-0.000000,0.000000
0.010000,4.039160,4.218000,4.039188,6.988973,6.103906,0.000000,0.000000
0.010000,4.109660,4.218000,4.109688,7.050012,6.103906,0.000000,0.000000
0.010000,4.180771,4.218000,4.180798,7.111051,6.103906,-0.000000,0.000000
0.010000,4.252491,4.218000,4.252519,7.172090,6.103906,0.000000,0.000000
0.010000,4.324823,4.218000,4.324851,7.233129,6.103906,-0.000000,0.000000
0.010000,4.397764,4.218000,4.397792,7.294168,6.103906,0.000000,0.000000
0.010000,4.471317,4.218000,4.471344,7.355207,6.103906,-0.000000,0.000000
0.010000,4.545479,4.218000,4.545507,7.416246,6.103906,0.000000,0.000000
0.010000,4.620252,4.218000,4.620280,7.477285,6.103906,0.000000,0.000000
0.010000,4.695607,4.218000,4.695635,7.535550,5.826456,-27.745028,0.000000
0.010000,4.771490,4.218000,4.771518,7.588265,5.271555,-55.490057,0.000000
0.010000,4.847844,4.218000,4.847872,7.635432,4.716655,-55.490057,0.000000
0.010000,4.924615,4.218000,4.924643,7.677049,4.161754,-55.490057,0.000000
0.010000,5.001746,4.218000,5.001774,7.713118,3.606854,-55.490057,0.000000
0.010000,5.079182,4.218000,5.079210,7.743637,3.051953,-55.490056,0.000000
0.010000,5.156868,4.218000,5.156896,7.768608,2.497053,-55.490057,0.000000
0.010000,5.234749,4.218000,5.234776,7.788029,1.942152,-55.490057,0.000000
0.010000,5.312768,4.218000,5.312795,7.801902,1.387251,-55.490057,0.000000
0.010000,5.390870,4.218000,5.390898,7.810225,0.832351,-55.490057,0.000000
0.010000,5.469000,4.218000,5.469028,7.813000,0.277450,-55.490057,0.000000
0.010000,5.547130,4.218000,5.547158,7.813000,-0.000000,-27.745028,0.000000
0.010000,5.625260,4.218000,5.625288,7.813000,0.000000,0.000000,0.000000
0.010000,5.703390,4.218000,5.703418,7.813000,0.000000,0.000000,0.000000
0.010000,5.781520,4.218000,5.781548,7.813000,0.000000,0.000000,0.000000
0.010000,5.859650,4.218000,5.859678,7.813000,-0.000000,-0.000000,0.000000
0.010000,5.937780,4.218000,5.937808,7.813000,0.000000,0.000000,0.000000
0.010000,6.015910,4.218000,6.015938,7.813000,0.000000,0.000000,0.000000
0.010000,6.094040,4.218000,6.094068,7.813000,0.000000,-0.000000,0.000000
0.010000,6.172170,4.218000,6.172198,7.813000,-0.000000,-0.000000,0.000000
0.010000,6.250300,4.218000,6.250328,7.813000,0.000000,0.000000,0.000000
0.010000,6.328430,4.218000,6.328458,7.813000,-0.000000,-0.000000,0.000000
0.010000,6.406560,4.218000,6.406588,7.813000,-0.000000,0.000000,0.000000
0.010000,6.484690,4.218000,6.484718,7.813000,0.000000,0.000000,0.000000
0.010000,6.562820,4.218000,6.562848,7.813000,0.000000,-0.000000,0.000000
0.010000,6.640950,4.218000,6.640978,7.813000,-0.000000,-0.000000,0.000000
0.010000,6.719080,4.218000,6.719108,7.813000,0.000000,0.000000,0.000000
0.010000,6.797210,4.218000,6.797238,7.813000,-0.000000,-0.000000,0.000000
0.010000,6.875340,4.218000,6.875368,7.813000,0.000000,0.000000,0.000000
0.010000,6.953470,4.218000,6.953498,7.813000,-0.000000,-0.000000,0.000000
0.010000,7.031600,4.218000,7.031628,7.813000,0.000000,0.000000,0.000000
0.010000,7.109730,4.218000,7.109758,7.813000,0.000000,-0.000000,0.000000
0.010000,7.187860,4.218000,7.187888,7.813000,0.000000,0.000000,0.000000
0.010000,7.265990,4.218000,7.266018,7.813000,0.000000,-0.000000,0.000000
0.010000,7.344120,4.218000,7.344148,7.813000,-0.000000,-0.000000,0.000000
0.010000,7.422250,4.218000,7.422278,7.813000,0.000000,0.000000,0.000000
0.010000,7.500380,4.218000,7.500408,7.813000,0.000000,0.000000,0.000000
0.010000,7.578510,4.218000,7.578538,7.813000,0.000000,0.000000,0.000000
0.010000,7.656640,4.218000,7.656668,7.813000,0.000000,0.000000,0.000000
0.010000,7.734770,4.218000,7.734798,7.813000,-0.000000,-0.000000,0.000000
0.010000,7.812900,4.218000,7.812928,7.813000,0.000000,0.000000,0.000000
0.010000,7.891030,4.218000,7.891058,7.813000,-0.000000,-0.000000,0.000000
0.010000,7.969160,4.218000,7.969188,7.813000,0.000000,0.000000,0.000000
0.010000,8.047290,4.218000,8.047318,7.813000,0.000000,0.000000,0.000000
0.010000,8.125420,4.218000,8.125448,7.813000,0.000000,0.000000,0.000000
0.010000,8.203550,4.218000,8.203578,7.813000,-0.000000,-0.000000,0.000000
0.010000,8.281680,4.218000,8.281708,7.813000,0.000000,0.000000,0.000000
0.010000,8.359810,4.218000,8.359838,7.813000,0.000000,0.000000,0.000000
0.010000,8.437940,4.218000,8.437968,7.813000,-0.000000,-0.000000,0.000000
0.010000,8.516070,4.218000,8.516098,7.813000,0.000000,0.000000,0.000000
0.010000,8.594200,4.218000,8.594228,7.813000,0.000000,0.000000,0.000000
0.010000,8.672330,4.218000,8.672358,7.813000,0.000000,0.000000,0.000000
0.010000,8.750460,4.218000,8.750488,7.813000,0.000000,0.000000,0.000000
0.010000,8.828590,4.218000,8.828618,7.813000,0.000000,0.000000,0.000000
0.010000,8.906720,4.218000,8.906748,7.813000,0.000000,0.000000,0.000000
0.010000,8.984850,4.218000,8.984878,7.813000,-0.000000,-0.000000,0.000000
0.010000,9.062980,4.218000,9.063008,7.813000,0.000000,0.000000,0.000000
0.010000,9.141110,4.218000,9.141138,7.813000,0.000000,0.000000,0.000000
0.010000,9.219240,4.218000,9.219268,7.813000,0.000000,0.000000,0.000000
0.010000,9.297370,4.218000,9.297398,7.813000,0.000000,0.000000,0.000000
0.010000,9.375500,4.218000,9.375528,7.813000,-0.000000,-0.000000,0.000000
0.010000,9.453630,4.218000,9.453658,7.813000,0.000000,0.000000,0.000000
0.010000,9.531760,4.218000,9.531788,7.813000,0.000000,0.000000,0.000000
0.010000,9.609890,4.218000,9.609918,7.813000,0.000000,0.000000,0.000000
0.010000,9.688020,4.218000,9.688048,7.813000,0.000000,0.000000,0.000000
0.010000,9.766150,4.218000,9.766178,7.813000,0.000000,0.000000,0.000000
0.010000,9.844280,4.218000,9.844308,7.813000,-0.000000,-0.000000,0.000000
0.010000,9.922410,4.218000,9.922438,7.813000,0.000000,0.000000,0.000000
0.010000,10.000400,4.218000,10.000428,7.799000,-1.400000,-140.000000,0.000000
0.010000,10.078530,4.218000,10.078558,7.813000,1.400000,280.000000,0.000000
0.010000,10.156660,4.218000,10.156688,7.813000,0.000000,-140.000000,0.000000
0.010000,10.234790,4.218000,10.234818,7.813000,0.000000,0.000000,0.000000
0.010000,10.312920,4.218000,10.312948,7.813000,0.000000,-0.000000,0.000000
0.010000,10.391050,4.218000,10.391078,7.813000,0.000000,0.000000,0.000000
0.010000,10.469180,4.218000,10.469208,7.813000,-0.000000,-0.000000,0.000000
0.010000,10.547310,4.218000,10.547338,7.813000,-0.000000,-0.000000,0.000000
0.010000,10.625440,4.218000,10.625468,7.813000,-0.000000,0.000000,0.000000
0.010000,10.703570,4.218000,10.703598,7.813000,0.000000,0.000000,0.000000
0.010000,10.781700,4.218000,10.781728,7.813000,-0.000000,-0.000000,0.000000
0.010000,10.859830,4.218000,10.859858,7.813000,0.000000,0.000000,0.000000
0.010000,10.937960,4.218000,10.937988,7.813000,0.000000,0.000000,0.000000
0.010000,11.016090,4.218000,11.016118,7.813000,0.000000,-0.000000,0.000000
0.010000,11.094220,4.218000,11.094248,7.813000,0.000000,-0.000000,0.000000
0.010000,11.172350,4.218000,11.172378,7.813000,0.000000,0.000000,0.000000
0.010000,11.250480,4.218000,11.250508,7.813000,0.000000,0.000000,0.000000
0.010000,11.328610,4.218000,11.328638,7.813000,0.000000,0.000000,0.000000
0.010000,11.406740,4.218000,11.406768,7.813000,0.000000,0.000000,0.000000
0.010000,11.484870,4.218000,11.484898,7.813000,0.000000,0.000000,0.000000
0.010000,11.563000,4.218000,11.563028,7.813000,-0.000000,-0.000000,0.000000
0.010000,11.641130,4.218000,11.641158,7.813000,0.000000,0.000000,0.000000
0.010000,11.719260,4.218000,11.719288,7.813000,0.000000,0.000000,0.000000
0.010000,11.797390,4.218000,11.797418,7.813000,-0.000000,-0.000000,0.000000
0.010000,11.875520,4.218000,11.875548,7.813000,-0.000000,0.000000,0.000000
0.010000,11.953650,4.218000,11.953678,7.813000,-0.000000,0.000000,0.000000
0.010000,12.031780,4.218000,12.031808,7.813000,0.000000,0.000000,0.000000
0.010000,12.109910,4.218000,12.109938,7.813000,-0.000000,-0.000000,0.000000
0.010000,12.188040,4.218000,12.188068,7.813000,0.000000,0.000000,0.000000
0.010000,12.266170,4.218000,12.266198,7.813000,-0.000000,-0.000000,0.000000
0.010000,12.344300,4.218000,12.344328,7.813000,0.000000,0.000000,0.000000
0.010000,12.422430,4.218000,12.422458,7.813000,-0.000000,-0.000000,0.000000
0.010000,12.500560,4.218000,12.500588,7.813000,0.000000,0.000000,0.000000
0.010000,12.578690,4.218000,12.578718,7.813000,-0.000000,-0.000000,0.000000
0.010000,12.656820,4.218000,12.656848,7.813000,0.000000,0.000000,0.000000
0.010000,12.734950,4.218000,12.734978,7.813000,-0.000000,-0.000000,0.000000
0.010000,12.813080,4.218000,12.813108,7.813000,0.000000,0.000000,0.000000
0.010000,12.891210,4.218000,12.891238,7.813000,-0.000000,-0.000000,0.000000
0.010000,12.969340,4.218000,12.969368,7.813000,0.000000,0.000000,0.000000
0.010000,13.047470,4.218000,13.047498,7.813000,0.000000,0.000000,0.000000
0.010000,13.125600,4.218000,13.125628,7.813000,0.000000,0.000000,0.000000
0.010000,13.203730,4.218000,13.203758,7.813000,-0.000000,-0.000000,0.000000
0.010000,13.281860,4.218000,13.281888,7.813000,0.000000,0.000000,0.000000
0.010000,13.359990,4.218000,13.360018,7.813000,-0.000000,-0.000000,0.000000
0.010000,13.438120,4.218000,13.438148,7.813000,0.000000,0.000000,0.000000
0.010000,13.516250,4.218000,13.516278,7.813000,-0.000000,-0.000000,0.000000
0.010000,13.594380,4.218000,13.594408,7.813000,0.000000,0.000000,0.000000
0.010000,13.672510,4.218000,13.672538,7.813000,0.000000,0.000000,0.000000
0.010000,13.750640,4.218000,13.750668,7.813000,0.000000,0.000000,0.000000
0.010000,13.828770,4.218000,13.828798,7.813000,0.000000,0.000000,0.000000
0.010000,13.906900,4.218000,13.906928,7.813000,0.000000,0.000000,0.000000
0.010000,13.985030,4.218000,13.985058,7.813000,0.000000,0.000000,0.000000
0.010000,14.063160,4.218000,14.063188,7.813000,0.000000,0.000000,0.000000
0.010000,14.141290,4.218000,14.141318,7.813000,0.000000,0.000000,0.000000
0.010000,14.219420,4.218000,14.219448,7.813000,0.000000,0.000000,0.000000
0.010000,14.297550,4.218000,14.297578,7.813000,0.000000,0.000000,0.000000
0.010000,14.375680,4.218000,14.375708,7.813000,0.000000,0.000000,0.000000
0.010000,14.453810,4.218000,14.453838,7.813000,0.000000,0.000000,0.000000
0.010000,14.531940,4.218000,14.531968,7.813000,0.000000,0.000000,0.000000
0.010000,14.610070,4.218000,14.610098,7.813000,-0.000000,-0.000000,0.000000
0.010000,14.688200,4.218000,14.688228,7.813000,0.000000,0.000000,0.000000
0.010000,14.766330,4.218000,14.766358,7.813000,-0.000000,-0.000000,0.000000
0.010000,14.844460,4.218000,14.844488,7.813000,0.000000,0.000000,0.000000
0.010000,14.922590,4.218000,14.922618,7.813000,0.000000,0.000000,0.000000
0.010000,15.000720,4.218000,15.000748,7.813000,0.000000,0.000000,0.000000
0.010000,15.078850,4.218000,15.078878,7.813000,0.000000,0.000000,0.000000
0.010000,15.156980,4.218000,15.157008,7.813000,0.000000,0.000000,0.000000
0.010000,15.235110,4.218000,15.235138,7.813000,0.000000,0.000000,0.000000
0.010000,15.313240,4.218000,15.313268,7.813000,0.000000,0.000000,0.000000
0.010000,15.391370,4.218000,15.391398,7.813000,0.000000,0.000000,0.000000
0.010000,15.469500,4.218000,15.469528,7.813000,0.000000,0.000000,0.000000
0.010000,15.547630,4.218000,15.547658,7.813000,0.000000,0.000000,0.000000
0.010000,15.625760,4.218000,15.625788,7.813000,0.000000,0.000000,0.000000
0.010000,15.703890,4.218000,15.703918,7.813000,0.000000,0.000000,0.000000
0.010000,15.782020,4.218000,15.782048,7.813000,0.000000,0.000000,0.000000
0.010000,15.860150,4.218000,15.860178,7.813000,0.000000,0.000000,0.000000
0.010000,15.938280,4.218000,15.938308,7.813000,0.000000,0.000000,0.000000
0.010000,16.016410,4.218000,16.016438,7.813000,0.000000,0.000000,0.000000
0.010000,16.094540,4.218000,16.094568,7.813000,0.000000,-0.000000,0.000000
0.010000,16.172670,4.218000,16.172698,7.813000,0.000000,0.000000,0.000000
0.010000,16.250800,4.218000,16.250828,7.813000,0.000000,0.000000,0.000000
0.010000,16.328930,4.218000,16.328958,7.813000,0.000000,0.000000,0.000000
0.010000,16.407060,4.218000,16.407088,7.813000,0.000000,0.000000,0.000000
0.010000,16.485190,4.218000,16.485218,7.813000,0.000000,0.000000,0.000000
0.010000,16.563320,4.218000,16.563348,7.813000,0.000000,0.000000,0.000000
0.010000,16.641450,4.218000,16.641478,7.813000,0.000000,0.000000,0.000000
0.010000,16.719580,4.218000,16.719608,7.813000,0.000000,0.000000,0.000000
0.010000,16.797710,4.218000,16.797738,7.813000,0.000000,0.000000,0.000000
0.010000,16.875840,4.218000,16.875868,7.813000,0.000000,0.000000,0.000000
0.010000,16.953970,4.218000,16.953998,7.813000,0.000000,0.000000,0.000000
0.010000,17.032100,4.218000,17.032128,7.813000,0.000000,0.000000,0.000000
0.010000,17.110230,4.218000,17.110258,7.813000,0.000000,0.000000,0.000000
0.010000,17.188360,4.218000,17.188388,7.813000,0.000000,-0.000000,0.000000
0.010000,17.266490,4.218000,17.266518,7.813000,0.000000,0.000000,0.000000
0.010000,17.344620,4.218000,17.344648,7.813000,0.000000,0.000000,0.000000
0.010000,17.422750,4.218000,17.422778,7.813000,0.000000,0.000000,0.000000
0.010000,17.500880,4.218000,17.500908,7.813000,0.000000,0.000000,0.000000
0.010000,17.579010,4.218000,17.579038,7.813000,0.000000,0.000000,0.000000
0.010000,17.657140,4.218000,17.657168,7.813000,0.000000,0.000000,0.000000
0.010000,17.735270,4.218000,17.735298,7.813000,0.000000,0.000000,0.000000
0.010000,17.813400,4.218000,17.813428,7.813000,-0.000000,-0.000000,0.000000
0.010000,17.891530,4.218000,17.891558,7.813000,0.000000,0.000000,0.000000
0.010000,17.969660,4.218000,17.969688,7.813000,0.000000,0.000000,0.000000
0.010000,18.047790,4.218000,18.047818,7.813000,0.000000,0.000000,0.000000
0.010000,18.125920,4.218000,18.125948,7.813000,0.000000,0.000000,0.000000
0.010000,18.204050,4.218000,18.204078,7.813000,0.000000,0.000000,0.000000
0.010000,18.282180,4.218000,18.282208,7.813000,0.000000,0.000000,0.000000
0.010000,18.360310,4.218000,18.360338,7.813000,0.000000,0.000000,0.000000
0.010000,18.438440,4.218000,18.438468,7.813000,0.000000,0.000000,0.000000
0.010000,18.516570,4.218000,18.516598,7.813000,0.000000,0.000000,0.000000
0.010000,18.594700,4.218000,18.594728,7.813000,0.000000,0.000000,0.000000
0.010000,18.672830,4.218000,18.672858,7.813000,0.000000,0.000000,0.000000
0.010000,18.750960,4.218000,18.750988,7.813000,0.000000,0.000000,0.000000
0.010000,18.829090,4.218000,18.829118,7.813000,0.000000,0.000000,0.000000
0.010000,18.907220,4.218000,18.907248,7.813000,-0.000000,-0.000000,0.000000
0.010000,18.985350,4.218000,18.985378,7.813000,-0.000000,0.000000,0.000000
0.010000,19.063480,4.218000,19.063508,7.813000,0.000000,0.000000,0.000000
0.010000,19.141610,4.218000,19.141638,7.813000,0.000000,0.000000,0.000000
0.010000,19.219740,4.218000,19.219768,7.813000,0.000000,-0.000000,0.000000
0.010000,19.297870,4.218000,19.297898,7.813000,-0.000000,-0.000000,0.000000
0.010000,19.376000,4.218000,19.376028,7.813000,0.000000,0.000000,0.000000
0.010000,19.454130,4.218000,19.454158,7.813000,0.000000,0.000000,0.000000
0.010000,19.532260,4.218000,19.532288,7.813000,-0.000000,-0.000000,0.000000
0.010000,19.610390,4.218000,19.610418,7.813000,-0.000000,0.000000,0.000000
0.010000,19.688520,4.218000,19.688548,7.813000,0.000000,0.000000,0.000000
0.010000,19.766650,4.218000,19.766678,7.813000,0.000000,0.000000,0.000000
0.010000,19.844780,4.218000,19.844808,7.813000,-0.000000,-0.000000,0.000000
0.010000,19.922910,4.218000,19.922938,7.813000,0.000000,0.000000,0.000000
0.010000,20.001040,4.218000,20.001068,7.813000,0.000000,0.000000,0.000000
0.010000,20.079170,4.218000,20.079198,7.813000,0.000000,0.000000,0.000000
0.010000,20.157300,4.218000,20.157328,7.813000,0.000000,0.000000,0.000000
0.010000,20.235430,4.218000,20.235458,7.813000,0.000000,0.000000,0.000000
0.010000,20.313560,4.218000,20.313588,7.813000,0.000000,0.000000,0.000000
0.010000,20.391690,4.218000,20.391718,7.813000,0.000000,0.000000,0.000000
0.010000,20.469820,4.218000,20.469848,7.813000,0.000000,0.000000,0.000000
0.010000,20.547950,4.218000,20.547978,7.813000,0.000000,0.000000,0.000000
0.010000,20.626080,4.218000,20.626108,7.813000,0.000000,0.000000,0.000000
0.010000,20.704210,4.218000,20.704238,7.813000,0.000000,0.000000,0.000000
0.010000,20.782340,4.218000,20.782368,7.813000,0.000000,0.000000,0.000000
0.010000,20.860470,4.218000,20.860498,7.813000,0.000000,0.000000,0.000000
0.010000,20.938600,4.218000,20.938628,7.813000,-0.000000,-0.000000,0.000000
0.010000,21.016730,4.218000,21.016758,7.813000,0.000000,0.000000,0.000000
0.010000,21.094860,4.218000,21.094888,7.813000,0.000000,0.000000,0.000000
0.010000,21.172990,4.218000,21.173018,7.813000,0.000000,0.000000,0.000000
0.010000,21.251120,4.218000,21.251148,7.813000,0.000000,0.000000,0.000000
0.010000,21.329250,4.218000,21.329278,7.813000,-0.000000,-0.000000,0.000000
0.010000,21.407380,4.218000,21.407408,7.813000,0.000000,0.000000,0.000000
0.010000,21.485510,4.218000,21.485538,7.813000,-0.000000,-0.000000,0.000000
0.010000,21.563640,4.218000,21.563668,7.813000,0.000000,0.000000,0.000000
0.010000,21.641770,4.218000,21.641798,7.813000,0.000000,0.000000,0.000000
0.010000,21.719900,4.218000,21.719928,7.813000,0.000000,0.000000,0.000000
0.010000,21.798030,4.218000,21.798058,7.813000,0.000000,0.000000,0.000000
0.010000,21.876160,4.218000,21.876188,7.813000,0.000000,0.000000,0.000000
0.010000,21.954290,4.218000,21.954318,7.813000,0.000000,0.000000,0.000000
0.010000,22.032420,4.218000,22.032448,7.813000,0.000000,0.000000,0.000000
0.010000,22.110550,4.218000,22.110578,7.813000,0.000000,0.000000,0.000000
0.010000,22.188680,4.218000,22.188708,7.813000,0.000000,0.000000,0.000000
0.010000,22.266810,4.218000,22.266838,7.813000,0.000000,0.000000,0.000000
0.010000,22.344940,4.218000,22.344968,7.813000,0.000000,0.000000,0.000000
0.010000,22.423070,4.218000,22.423098,7.813000,0.000000,0.000000,0.000000
0.010000,22.501200,4.218000,22.501228,7.813000,0.000000,0.000000,0.000000
0.010000,22.579330,4.218000,22.579358,7.813000,-0.000000,-0.000000,0.000000
0.010000,22.657460,4.218000,22.657488,7.813000,-0.000000,0.000000,0.000000
0.010000,22.735590,4.218000,22.735618,7.813000,0.000000,0.000000,0.000000
0.010000,22.813720,4.218000,22.813748,7.813000,-0.000000,-0.000000,0.000000
0.010000,22.891850,4.218000,22.891878,7.813000,-0.000000,0.000000,0.000000
0.010000,22.969980,4.218000,22.970008,7.813000,0.000000,0.000000,0.000000
0.010000,23.048110,4.218000,23.048138,7.813000,0.000000,-0.000000,0.000000
0.010000,23.126240,4.218000,23.126268,7.813000,-0.000000,-0.000000,0.000000
0.010000,23.204370,4.218000,23.204398,7.813000,-0.000000,0.000000,0.000000
0.010000,23.282500,4.218000,23.282528,7.813000,0.000000,0.000000,0.000000
0.010000,23.360604,4.218000,23.360631,7.810359,-0.264063,-26.406280,0.000000
0.010000,23.438627,4.218000,23.438654,7.802304,-0.805576,-54.151308,0.000000
0.010000,23.516514,4.218000,23.516541,7.788699,-1.360476,-55.490057,0.000000
0.010000,23.594209,4.218000,23.594237,7.769545,-1.915377,-55.490057,0.000000
0.010000,23.671657,4.218000,23.671685,7.744842,-2.470278,-55.490057,0.000000
0.010000,23.748803,4.218000,23.748831,7.714591,-3.025178,-55.490057,0.000000
0.010000,23.825591,4.218000,23.825619,7.678790,-3.580079,-55.490057,0.000000
0.010000,23.901966,4.218000,23.901993,7.637440,-4.134979,-55.490057,0.000000
0.010000,23.977871,4.218000,23.977899,7.590541,-4.689880,-55.490057,0.000000
0.010000,24.045563,4.218179,24.045591,6.769232,-82.130931,-7744.105155,0.007886
0.010000,24.109250,4.219043,24.109284,6.369309,-39.992288,4213.864312,0.019360
0.010000,24.171951,4.220626,24.172005,6.272083,-9.722601,3026.968714,0.031210
0.010000,24.233643,4.222927,24.233739,6.173415,-9.866762,-14.416060,0.043449
0.010000,24.294301,4.225945,24.294473,6.073394,-10.002088,-13.532618,0.056090
0.010000,24.353905,4.229679,24.354193,5.971999,-10.139496,-13.740776,0.069148
0.010000,24.412428,4.234126,24.412885,5.869216,-10.278346,-13.885010,0.082638
0.010000,24.469847,4.239282,24.470536,5.765037,-10.417858,-13.951189,0.096573
0.010000,24.526138,4.245140,24.527130,5.659466,-10.557095,-13.923779,0.110968
0.010000,24.581275,4.251696,24.582656,5.552517,-10.694950,-13.785466,0.125837
0.010000,24.635233,4.258940,24.637098,5.444216,-10.830121,-13.517057,0.141195
0.010000,24.687987,4.266862,24.690444,5.334605,-10.961098,-13.097684,0.157054
0.010000,24.739514,4.275450,24.742681,5.223743,-11.086144,-12.504638,0.173428
0.010000,24.789789,4.284693,24.793798,5.111710,-11.203287,-11.714322,0.190329
0.010000,24.838789,4.294573,24.843784,4.998607,-11.310304,-10.701641,0.207767
0.010000,24.886492,4.305074,24.892630,4.884560,-11.404720,-9.441598,0.225753
0.010000,24.932879,4.316177,24.940327,4.769722,-11.483815,-7.909542,0.244295
0.010000,24.977931,4.327862,24.986870,4.654276,-11.544632,-6.081721,0.263399
0.010000,25.021633,4.340104,25.032254,4.538436,-11.584008,-3.937572,0.283069
0.010000,25.063971,4.352882,25.076479,4.422450,-11.598613,-1.460511,0.303307
0.010000,25.104937,4.366168,25.119545,4.306600,-11.585003,1.361020,0.324111
0.010000,25.144523,4.379935,25.161457,4.191203,-11.539704,4.529907,0.345476
0.010000,25.182728,4.394156,25.202223,4.076610,-11.459296,8.040771,0.367394
0.010000,25.219555,4.408802,25.241855,3.963204,-11.340539,11.875711,0.389854
0.010000,25.255010,4.423844,25.280369,3.851399,-11.180493,16.004579,0.412838
0.010000,25.289106,4.439254,25.317785,3.741633,-10.976673,20.382035,0.436325
0.010000,25.321859,4.455004,25.354129,3.634361,-10.727199,24.947363,0.460290
0.010000,25.353294,4.471067,25.389429,3.530051,-10.430955,29.624455,0.484702
0.010000,25.383436,4.487417,25.423721,3.429174,-10.087734,34.322092,0.509526
0.010000,25.412320,4.504033,25.457043,3.332190,-9.698371,38.936288,0.534721
0.010000,25.439982,4.520894,25.489438,3.239542,-9.264838,43.353271,0.560242
0.010000,25.466463,4.537982,25.520955,3.151639,-8.790300,47.453762,0.586041
0.010000,25.491809,4.555284,25.551643,3.068847,-8.279120,51.118075,0.612064
0.010000,25.516067,4.572790,25.581558,2.991479,-7.736796,54.232405,0.638257
0.010000,25.539287,4.590491,25.610756,2.919781,-7.169849,56.694639,0.664559
0.010000,25.561520,4.608385,25.639295,2.853924,-6.585643,58.420636,0.690911
0.010000,25.582817,4.626471,25.667235,2.794003,-5.992149,59.349358,0.717252
0.010000,25.603229,4.644750,25.694635,2.740026,-5.397682,59.446756,0.743520
0.010000,25.622804,4.663228,25.721555,2.691920,-4.810600,58.708134,0.769654
0.010000,25.641591,4.681911,25.748050,2.649530,-4.239016,57.158403,0.795596
0.010000,25.659635,4.700806,25.774176,2.612625,-3.690511,54.850540,0.821288
0.010000,25.676977,4.719920,25.799985,2.580906,-3.171889,51.862181,0.846677
0.010000,25.693655,4.739263,25.825525,2.554016,-2.688982,48.290729,0.871714
0.010000,25.709706,4.758839,25.850841,2.531551,-2.246505,44.247684,0.896352
0.010000,25.725160,4.778657,25.875972,2.513071,-1.847982,39.852266,0.920551
0.010000,25.740046,4.798719,25.900953,2.498114,-1.495729,35.225381,0.944273
0.010000,25.754388,4.819027,25.925815,2.486205,-1.190889,30.483996,0.967488
0.010000,25.768208,4.839582,25.950584,2.476870,-0.933522,25.736646,0.990169
0.010000,25.781525,4.860380,25.975280,2.469643,-0.722727,21.079480,1.012294
0.010000,25.794355,4.881417,25.999921,2.464075,-0.556783,16.594459,1.033846
0.010000,25.806714,4.902684,26.024518,2.459742,-0.433306,12.347712,1.054812
0.010000,25.818614,4.924171,26.049081,2.456248,-0.349409,8.389646,1.075184
0.010000,25.830066,4.945867,26.073613,2.453229,-0.301855,4.755431,1.094956
0.010000,25.841080,4.967755,26.098116,2.450357,-0.287191,1.466354,1.114128
0.010000,25.851666,4.989820,26.122590,2.447338,-0.301875,-1.468383,1.132700
0.010000,25.861834,5.012044,26.147029,2.443915,-0.342374,-4.049897,1.150677
0.010000,25.871590,5.034407,26.171428,2.439862,-0.405249,-6.287528,1.168065
0.010000,25.880944,5.056889,26.195778,2.434990,-0.487220,-8.197067,1.184873
0.010000,25.889903,5.079468,26.220069,2.429138,-0.585207,-9.798720,1.201111
0.010000,25.898477,5.102121,26.244291,2.422174,-0.696369,-11.116147,1.216791
0.010000,25.906673,5.124827,26.268431,2.413993,-0.818109,-12.174020,1.231924
0.010000,25.914499,5.147563,26.292476,2.404512,-0.948096,-12.998729,1.246525
0.010000,25.921965,5.170306,26.316412,2.393670,-1.084250,-13.615397,1.260607
0.010000,25.929079,5.193032,26.340227,2.381422,-1.224742,-14.049132,1.274185
0.010000,25.935851,5.215721,26.363904,2.367743,-1.367974,-14.323260,1.287274
0.010000,25.942288,5.238349,26.387430,2.352617,-1.512573,-14.459856,1.299889
0.010000,25.948402,5.260895,26.410791,2.336043,-1.657363,-14.479075,1.312044
0.010000,25.954202,5.283339,26.433971,2.318030,-1.801354,-14.399023,1.323755
0.010000,25.959696,5.305658,26.456957,2.298592,-1.943719,-14.236563,1.335036
0.010000,25.964896,5.327834,26.479734,2.277755,-2.083776,-14.005699,1.345902
0.010000,25.969810,5.349848,26.502290,2.255545,-2.220976,-13.719980,1.356367
0.010000,25.974449,5.371680,26.524610,2.231996,-2.354880,-13.390351,1.366444
0.010000,25.978823,5.393314,26.546681,2.207145,-2.485143,-13.026369,1.376148
0.010000,25.982941,5.414732,26.568492,2.181030,-2.611514,-12.637022,1.385490
0.010000,25.986813,5.435918,26.590028,2.153691,-2.733804,-12.229079,1.394485
0.010000,25.990450,5.456856,26.611280,2.125173,-2.851892,-11.808736,1.403144
0.010000,25.993860,5.477532,26.632235,2.095516,-2.965704,-11.381217,1.411478
0.010000,25.997054,5.497931,26.652883,2.064763,-3.075211,-10.950716,1.419500
0.010000,26.000040,5.518040,26.673213,2.032959,-3.180421,-10.521040,1.427219
0.010000,26.002828,5.537847,26.693214,2.000146,-3.281366,-10.094437,1.434647
0.010000,26.005427,5.557338,26.712878,1.966364,-3.378107,-9.674145,1.441794
0.010000,26.007846,5.576502,26.732194,1.931657,-3.470720,-9.261312,1.448668
0.010000,26.010093,5.595329,26.751155,1.896064,-3.559299,-8.857821,1.455280
0.010000,26.012178,5.613808,26.769751,1.859625,-3.643943,-8.464490,1.461637
0.010000,26.014107,5.631930,26.787975,1.822377,-3.724766,-8.082299,1.467749
0.010000,26.015891,5.649684,26.805818,1.784358,-3.801886,-7.711916,1.473623
0.010000,26.017535,5.667062,26.823275,1.745604,-3.875419,-7.353386,1.479266
0.010000,26.019048,5.684056,26.840336,1.706149,-3.945492,-7.007244,1.484687
0.010000,26.020438,5.700659,26.856996,1.666027,-4.012225,-6.673332,1.489892
0.010000,26.021711,5.716861,26.873249,1.625270,-4.075743,-6.351727,1.494887
0.010000,26.022874,5.732658,26.889088,1.583908,-4.136164,-6.042111,1.499678
0.010000,26.023934,5.748041,26.904508,1.541972,-4.193606,-5.744235,1.504273
0.010000,26.024898,5.763005,26.919503,1.499490,-4.248188,-5.458227,1.508676
0.010000,26.025772,5.777544,26.934068,1.456490,-4.300019,-5.183111,1.512892
0.010000,26.026561,5.791651,26.948198,1.412998,-4.349211,-4.919184,1.516927
0.010000,26.027271,5.805323,26.961888,1.369039,-4.395864,-4.665245,1.520786
0.010000,26.027909,5.818554,26.975134,1.324638,-4.440081,-4.421722,1.524473
0.010000,26.028479,5.831340,26.987933,1.279819,-4.481958,-4.187746,1.527992
0.010000,26.028987,5.843675,27.000279,1.234603,-4.521588,-3.962942,1.531348
0.010000,26.029437,5.855557,27.012169,1.189012,-4.559054,-3.746582,1.534544
0.010000,26.029834,5.866981,27.023599,1.143068,-4.594444,-3.539053,1.537584
0.010000,26.030182,5.877943,27.034567,1.096789,-4.627834,-3.339004,1.540472
0.010000,26.030486,5.888441,27.045069,1.050196,-4.659301,-3.146707,1.543210
0.010000,26.030750,5.898470,27.055102,1.003307,-4.688912,-2.961132,1.545803
0.010000,26.030977,5.908029,27.064664,0.956140,-4.716737,-2.782471,1.548252
0.010000,26.031171,5.917114,27.073751,0.908712,-4.742836,-2.609922,1.550560
0.010000,26.031336,5.925723,27.082361,0.861039,-4.767271,-2.443484,1.552730
0.010000,26.031475,5.933853,27.090493,0.813138,-4.790091,-2.281954,1.554765
0.010000,26.031590,5.941503,27.098143,0.765024,-4.811353,-2.126203,1.556666
0.010000,26.031685,5.948669,27.105310,0.716713,-4.831100,-1.974717,1.558436
0.010000,26.031762,5.955351,27.111992,0.668220,-4.849381,-1.828129,1.560076
0.010000,26.031824,5.961546,27.118188,0.619557,-4.866233,-1.685167,1.561588
0.010000,26.031873,5.967253,27.123895,0.570740,-4.881693,-1.546051,1.562974
0.010000,26.031910,5.972471,27.129113,0.521782,-4.895801,-1.410710,1.564235
0.010000,26.031938,5.977198,27.133840,0.472697,-4.908582,-1.278112,1.565372
0.010000,26.031959,5.981433,27.138075,0.423496,-4.920068,-1.148656,1.566388
0.010000,26.031974,5.985175,27.141817,0.374193,-4.930284,-1.021602,1.567282
0.010000,26.031984,5.988423,27.145065,0.324800,-4.939251,-0.896692,1.568056
0.010000,26.031991,5.991176,27.147818,0.275331,-4.946991,-0.773964,1.568710
0.010000,26.031995,5.993455,27.150098,0.227943,-4.738713,20.827736,1.569250
0.010000,26.031997,5.995304,27.151947,0.184911,-4.303232,43.548117,1.569688
0.010000,26.031999,5.996768,27.153410,0.146357,-3.855383,44.784893,1.570034
0.010000,26.031999,5.997891,27.154533,0.112294,-3.406346,44.903688,1.570299
0.010000,26.032000,5.998718,27.155360,0.082730,-2.956386,44.996050,1.570494
0.010000,26.032000,5.999295,27.155937,0.057673,-2.505730,45.065560,1.570630
0.010000,26.032000,5.999666,27.156308,0.037127,-2.054576,45.115483,1.570718
0.010000,26.032000,5.999877,27.156519,0.021096,-1.603086,45.148956,1.570767
0.010000,26.032000,5.999973,27.156615,0.009582,-1.151388,45.169809,1.570790
0.010000,26.032000,5.999999,27.156641,0.002586,-0.699581,45.180661,1.570796
0.010000,26.032000,6.000000,27.156642,0.000109,-0.247733,45.184831,1.570796
0.010000,26.032000,6.000000,27.156642,0.000000,-0.010902,23.683140,1.570796
